<?xml version="1.0" encoding="UTF-8"?>
<!DOCTYPE mapper
    PUBLIC "-//mybatis.org//DTD Mapper 3.0//EN"
    "http://mybatis.org/dtd/mybatis-3-mapper.dtd">
<mapper namespace="mapper.emp.param">

	<insert id="insertEmp" parameterType="emp.crud.EmpDTO">
		INSERT INTO emp0 (empno, ename, job, hiredate) VALUES (#{empno}, #{ename}, #{job}, #{hireDate})
	</insert>
	
	<select id="selectAllEmp0" resultType="emp.crud.EmpDTO">
		select * from emp0
	</select>
	
	<update id="updateEmp" parameterType="emp.crud.EmpDTO">
		update emp0 set ename= #{ename}, job= #{job} where empno= #{empno}
	</update>
	
	<delete id="deleteEmp" parameterType="emp.crud.EmpDTO">
		delete from emp0 where empno=#{empno}
	</delete>

</mapper>