<?xml version="1.0" encoding="UTF-8" ?>
<!DOCTYPE configuration
	PUBLIC "-//mybatis.org//DTD Config 3.0//EN"
	"http://mybatis.org/dtd/mybatis-3-config.dtd">
<configuration>

<!-- tag(또는 node)의 순서에 주의 -->


	<!-- 전달인자로 null 줄 수 있음 -->
    <settings>
        <setting name="jdbcTypeForNull" value="NULL" />
    </settings>

	<!-- mapper에서 사용할 타입이 길어서 짧게 별칭 지정 -->
<!-- 	<typeAliases> -->
<!-- 	</typeAliases> -->

	<!-- 우리는 DB접속하는법을 3개 배웠다. 1.자바에 직접쓰는법, 2.톰캣서버 안 context.xml resource에 적어 불러오는법.
		 3. 지금 밑에처럼 xml에 적는법.
	 -->
	<environments default="development">
		<environment id="development">
			<transactionManager type="JDBC"></transactionManager>
			<dataSource type="POOLED">
				<property name="driver" value="oracle.jdbc.driver.OracleDriver"></property>
				<property name="url" value="jdbc:oracle:thin:@125.181.132.133:51521:xe"></property>
				<property name="username" value="scott2_5"></property>
				<property name="password" value="tiger"></property>
			</dataSource>
		</environment>
	</environments>
	
<!-- 	emp.xml 에서 가져올 SQL문이 적혀있는 파일의 위치를 알려주는 방법중 하나이다 -->
	<mappers>
		<mapper resource="mybatis/mappers/emp.xml" />
		<mapper resource="mybatis/mappers/emp_param.xml" />
		<mapper resource="mybatis/mappers/emp_dynamic.xml" />
	</mappers>
	
</configuration>